Locus	Guide Name	Guide Sequence	Total INDELs (%)	NHEJ (%)	MMEJ (%)	NHEJ/MMEJ ratio	HDR (%) (ssODN)	Column 1	Column 2	Column 3	Column 4
1-BNIPL	1-BNIPL	GGTGTTCCGAATGGGACCAC	86.31	21.9409061	64.3690939	0.3408608817	10.88	D/G weighting give you best H			86.31
2-VEGFA3	2-VEGFA3	GGTGAGTGAGTGTGTGCGTG	79.99	22.7943371	57.1956629	0.398532615	5.93				79.99
3-ALG14	3-ALG14	TTCCATGGACGTTACGCCCC	91.83	32.2605468	59.5694532	0.5415619091	0.11				91.83
4-AMIGO2	4-AMIGO2	ACGATTACACCTGTCGCCTG	81.5	25.0048875	56.4951125	0.4426026676	3.85				81.5
5-C1orf61	5-C1orf61	TCTATCGTCCACACGGAGGA	93.26	62.4570466	30.8029534	2.027631759	9.21				93.26
6-BMF	6-BMF	AGAGAGCAAGCTCCCGGGTT	87.2	37.3127142	49.8872858	0.747940354	53.28				87.2
7-BLOC1S1	7-BLOC1S1	GATCCACCAAAGCTTCTGTC	95.17	86.10623748	9.06376252	9.500054452	2.54				95.17
8-AK2	8-AK2	GAGTGGCCGTTCCTACCACG	94.58	78.014431	16.565569	4.709432619	11.94				94.58
9-AGPAT1	9-AGPAT1	CATCGACCGGAAGCGCACGG	93.35	69.7630897	23.5869103	2.957703608	11.91				93.35
10-AIDA	10-AIDA	CCAAGGTTGCCATCGGAACC	91.68	47.9885874	43.6914126	1.098352847	5.58				91.68
11-C16orf58	11-C16orf58	ACGGAATCCCACAGCTGGTA	92.86	61.1125567	31.7474433	1.924959945	9.88				92.86
12-C15orf53	12-C15orf53	CTGGTTTCATGGTTCCTCCG	95.78	68.520668	27.259332	2.513659102	8.03				95.78
13-BLOC1S6	13-BLOC1S6	GTGTGTCTAACAATACAACT	85.28	58.9715297	26.3084703	2.241541565	9.05				85.28
14-C1orf112	14-C1orf112	TTATTATGGACTGGTGCTTA	50.58	20.1141897	30.4658103	0.6602217207	18.9				50.58
15-ATXN7	15-ATXN7	TAATCAGGTTGTCAAACCGC	81.24	34.2769777	46.9630223	0.7298716314	2.6				81.24
16-AKIRIN1	16-AKIRIN1	AAGAATATAGTCGTTATCAG	87.13	57.7249367	29.4050633	1.963095135	9.66				87.13
17-EMX1	17-EMX1	GAGTCCGAGCAGAAGAAGAA	88.87	33.6382584	55.2317416	0.6090385243	7.16				88.87
18-ATF5	18-ATF5	TGGGATGGCTCGTAGACTAT	66.43	6.3888054	60.0411946	0.1064070334	16.01				66.43
19-C2orf15	19-C2orf15	TGGATGATCACTTAATACGA	92.36	51.3074735	41.0525265	1.24980063	41.18				92.36
20-C2orf74	20-C2orf74	CCTTGTACAGATGCAAACGG	92.99	65.2429737	27.7470263	2.351350123	30.45				92.99
21-AKAP6	21-AKAP6	ACGCCAATGGCAACTACACT	86.98	30.9129806	56.0670194	0.5513576597	7.58				86.98
22-C12orf54	22-C12orf54	GTCCTGGGTGCTGATGTCAT	85.02	24.9563925	60.0636075	0.4154993937	28.76				85.02
23-ATP6V0A2	23-ATP6V0A2	TGTTTGGATAGGGGTACACG	79.64	41.3301408	38.3098592	1.078838233	0.81				79.64
24-ACOT13	24-ACOT13	GCAATAGGCACTCTCCACGG	90.02	46.5540145	43.4659855	1.071044725	15.23				90.02
25-ACOT2	25-ACOT2	GAGCGTCCCGGCTGTACCAA	89.69	46.4188802	43.2711198	1.072745064	36.77				89.69
26-AP3M2	26-AP3M2	ACAACCGTTCGAAGGATGGT	91.14	33.1974289	57.9425711	0.5729367591	11.72				91.14
27-ALPK2	27-ALPK2	GATAACCCTAACCTACACCG	85.33	54.466983	30.863017	1.764797751	18.37				85.33
28-ADGRF1	28-ADGRF1	TCAAGGTTTTGAGTCGGTTC	87.63	30.8121241	56.8178759	0.542296304	21.5				87.63
29-HPRT38285	29-HPRT38285	CTTATATCCAACACTTCGTG	54.32	22.0156091	32.3043909	0.6815051603	9.95				54.32
30-ANKRD61	30-ANKRD61	AGAAGACTGCACTACGATCG	83.93	50.1669552	33.7630448	1.485854001	15.84				83.93
31-ALS2	31-ALS2	ACAATGGTGTCGCGTACATG	77.17	34.4525527	42.7174473	0.806521805	18.01				77.17
32-A1CF	32-A1CF	TAATCGGCAGTTGTCCACAC	74.77	31.4219136	43.3480864	0.7248742957	25.54				74.77
33-ABCD3	33-ABCD3	ACTCGACTTCGAAGACCCAT	80.29	37.4274287	42.8625713	0.8731960675	22.01				80.29
34-ATP1B4	34-ATP1B4	GACGGTGGTGCCCAAATCGG	89.99	16.3874246	73.6025754	0.2226474347	43.4				89.99
35-HPRT38087	35-HPRT38087	AATTATGGGGATTACTAGGA	88.59	36.2602509	52.3297491	0.6929184933	22.37				88.59
36-ALDH3A1	36-ALDH3A1	GGACACCCCCATTGATTACT	72.32	31.6582119	40.6617881	0.7785740219	29.13				72.32
37-BBS2	37-BBS2	GCCACCAATAATCGCAAGAG	83.66	49.2392837	34.4207163	1.430513045	19.99				83.66
38-ANGPTL6	38-ANGPTL6	ACAAGACGGACCGGAACCAC	83.72	14.1408998	69.5791002	0.203234876	32.15				83.72
39-ARHGAP36	39-ARHGAP36	AAGGTGTTCGGACGGTCAAT	78.14	21.7806502	56.3593498	0.3864602817	38.7				78.14
40-ABHD5	40-ABHD5	TTGGACGAAGTAGTAGACCC	92.18	32.3519753	59.8280247	0.5407495143	26.48				92.18
41-ATP6AP2	41-ATP6AP2	GAAACAGGCGATTACGGAGC	34.97	7.8394635	27.1305365	0.2889535008	0.1				34.97
42-BZW1	42-BZW1	AACTGAAACCGGTACTGATT	64.17	34.0534275	30.1165725	1.130720553	17.38				64.17
43-BRIX1	43-BRIX1	GCAACCAAGAGGAAACGGCG	95.76	46.2397048	49.5202952	0.9337526082	10.66				95.76
44-ACVR1C	44-ACVR1C	TGTAGGAGCACTGTCGACCC	88.96	15.5899213	73.3700787	0.2124833662	39.85				88.96
45-ARHGAP23	45-ARHGAP23	CATCGTGTACCCACCCGAGT	89.05	23.900408	65.149592	0.3668543005	21.66				89.05
46-BAK1	46-BAK1	GGAACTCTGAGTCATAGCGT	89.23	32.0871429	57.1428571	0.5615250012	25.45				89.23
47-ACTN1	47-ACTN1	GTGCTTTGATCCACCGACAC	87.77	8.4339954	79.3360046	0.1063072869	60.54				87.77
48-ANKRD35	48-ANKRD35	CCATTCGAGTCAAGCTTGGT	87.94	34.7760277	53.1639723	0.6541277146	26.82				87.94
49-BMX	49-BMX	CGTCCACGAAGAACCCACTA	94.31	54.1462753	40.1637247	1.348138792	17.49				94.31
50-ARID1B	50-ARID1B	TGCCAATTGGATACCGCTGT	76.89	25.5818974	51.3081026	0.4985937133	16.13				76.89
51-AFG3L2	51-AFG3L2	AAGGCGATGATGAGCACCGT	89.24	22.1664831	67.0735169	0.330480406	12.12				89.24
52-ALPK1	52-ALPK1	CGTCGAGCCCATACAGGAAC	66.9	14.6085996	52.2914004	0.2793690643	22.08				66.9
53-APAF1	53-APAF1	TCTTTGCACACGGTTGGATC	83.96	23.6218357	60.3381643	0.3914907915	27.95				83.96
54-ADPGK	54-ADPGK	AGCCCAAGGGAAGTCACCGC	94.34	20.8941059	73.4458941	0.2844829674	22.09				94.34
55-ACAT2	55-ACAT2	GCCGCCGAGACGATGACCAC	89.42	33.7599922	55.6600078	0.6065394802	74.47				89.42
56-BRD8	56-BRD8	CCGGAGGTTACCCACTGTGA	88.5	40.9692789	47.5307211	0.8619536576	24.43				88.5
57-APOC3	57-APOC3	GCAACAACAAGGAGTACCCG	87.74	31.1355082	56.6044918	0.5500536655	74	real rank	predicted ran		87.74
CCR5	58-CCR5-sg11	GCAGCATAGTGAGCCCAGAA	94.99	75.6555888	19.3344112	3.913001954	9.66	5	5		94.99
CCR5	59-CCR5-sg1	TCCTTCTTACTGTCCCCTTC	65.97	14.7071375	51.2628625	0.2868965326	32.71	2	2		65.97
CCR5	60-CCR5-sg2	CCTTCTTACTGTCCCCTTCT	93.44	39.5561651	53.8838349	0.7341007776	31.82	3	1		93.44
CCR5	61-CCR5-sg3	CAGCATAGTGAGCCCAGAAG	91.91	30.3534614	61.5565386	0.4930988988	36.33	1	3		91.91
CCR5	62-CCR5-sg4	GGCAGCATAGTGAGCCCAGA	78.15	27.6986459	50.4513541	0.5490168974	27.35	4	4		78.15
HBB	63-HBB-R02	CTTGCCCCACAGGGCAGTAA	83.3	31.0235326	52.2764674	0.5934512055	6.13	3	4		83.3
HBB	64-HBB-sg1	AGTCTGCCGTTACTGCCCTG	90.77	64.6084372	26.1615628	2.469593949	7.66	2	2		90.77
HBB	65-HBB-sg2	GTCTGCCGTTACTGCCCTGT	78.57	32.4619342	46.1080658	0.7040402506	12	1	1		78.57
HBB	66-HBB-sg3	TCTGCCGTTACTGCCCTGTG	92.17	79.1265217	13.0434783	6.066366645	5.88	4	3		92.17
STING1	67-STING1-sg3	ACACTGCAGAGATCTCAGCT	90.89	64.700219	26.189781	2.470437573	7.39	3	3		90.89
STING1	68-STING1-sg5	CACACTGCAGAGATCTCAGC	53.33	12.1674451	41.1625549	0.2955949923	10.11	2	2		53.33
STING1	69-STING1-sg6	CACTGCAGAGATCTCAGCTG	86.4	29.8475375	56.5524625	0.5277849307	14.98	1	1		86.4
CFTR	70-CFTR-sg1	TTCCAGAGGCGACCTCTGCA	87.38	64.3596709	23.0203291	2.795775448	7.22	2	2		87.38
CFTR	71-CFTR-sg2	GCGCCCGAGAGACCATGCAG	88.33	23.7398361	64.5901639	0.367545686	9.4	1	1		88.33
CFTR	72-CFTR-sg5	GACCATGCAGAGGTCGCCTC	77.89	16.5186999	61.3713001	0.2691600125	4.46	3	3		77.89